Designator,Footprint,Quantity,Value,LCSC Part #
"C101, C103, C105, C106, C108, C112, C1201, C1301, C1302, C205, C206, C207, C208, C209, C210, C211, C212, C213, C214, C215, C216, C217, C219, C220, C221, C222, C223, C224, C225, C226, C227, C228, C236, C237, C238, C239, C240, C241, C242, C243, C244, C245, C246, C248, C407, C601, C602",0402,47,100n,
"C102, C107, C111, C229, C251, C406, C501, C502, C503, C504",0402,10,1u,
"C104, C109, C202, C203, C204, C218, C230, C231, C233, C247",0603,10,10u,
"C1101, C401, C402, C403",0805,4,22u 25V,
"C1102, C404",0603,2,100n 25V,
C1103,0402,1,3n3,
"C1104, C1105, C232",0603,3,22u,
C1303,0603,1,4u7,
C1304,CP_Elec_6.3x5.8,1,100u,
C201,0402,1,22p,
"C234, C235",0402,2,15p,
"C249, C250",0402,2,330p,
C405,0402,1,47n,
C408,0402,1,47p,
"C409, C410",1210,2,100u,
"D101, D102, D103, D104, D105, D106, D107, D108, D109",WS2812B-1515,9,WS2812B,
"J101, J201",USB_C_Receptacle_GCT_USB4080,2,USB_C_Receptacle,
J103,Molex 503398-1892 SD card connector,1,Micro_SD_Card_Det2,
J1301,USB_C_Receptacle_GCT_USB4105-xx-A_16P_TopMnt_Horizontal,1,USB_C_Receptacle_USB2.0_16P,
"J501, J502, J503, J504",Hirose_FH12-22S-0.5SH_1x22-1MP_P0.50mm_Horizontal,4,Conn_01x22_MountingPin,
L1101,L_CKST0503,1,3u3,
L201,L_Sumida_CDRH3D16,1,2u2,
L401,L_CKST1004,1,2u2,
MODULE301,Raspberry-Pi-5-Compute-Module,1,ComputeModule5-CM5,
"R1001, R1002, R501, R502, R801, R802, R901, R902",0402,8,4k7,
"R101, R108, R109, R1102, R114, R1201, R212, R214, R218, R222, R223, R224, R403",0402,13,100k,
"R102, R103",0402,2,220k,
"R104, R105, R107, R110, R113, R1303, R207, R208, R211, R213, R219, R601, R602, R701, R702",0402,15,10k,
R106,0402,1,220R,
R1101,0402,1,312k,
"R111, R112",0402,2,2k2,
R1301,0402,1,887k,
R1302,0402,1,200k,
"R1304, R225, R226",0402,3,47k,
R1305,0402,1,20k,
"R203, R204",0402,2,360k,
"R205, R206, R220",0402,3,1M,
R215,0402,1,12k,
"R216, R217, R229",0402,3,0R,
R221,0402,1,1k,
R401,0402,1,330k,
"R402, R405",0402,2,15k,
R404,0402,1,110k,
SW301,SW_SPST_PTS810,1,SW_Push,
"TP201, TP202",TestPoint_Pad_D1.0mm,2,TestPoint,
U101,Texas_RGE0024C_VQFN-24-1EP_4x4mm_P0.5mm_EP2.1x2.1mm,1,TCA9548ARGER,
U102,ESP32-C6-MINI-1,1,ESP32-C6-MINI-1/U,
U103,Texas_DSG0008A_WSON-8-1EP_2x2mm_P0.5mm_EP0.9x1.6mm,1,TPS22975,
U104,LGA-14_3x2.5mm_P0.5mm_LayoutBorder3x4y,1,ICM-45686,
U1101,VQFN-16-1EP_3x3mm_P0.5mm_EP1.68x1.68mm,1,TPS62130A,
"U1201, U1202",SOT-886,2,74LVC1G3157,
U1301,Texas_X2QFN-12_1.6x1.6mm_P0.4mm,1,TUSB320,
"U1302, U1303, U205",SOT-666,3,USBLC6-2P6,
U1304,WSON-6-1EP_2x2mm_P0.65mm_EP1x1.6mm,1,TPS2553,
U1305,SOT-553,1,74LVC1G14,
U201,WSON-6-1EP_2x2mm_P0.65mm_EP1x1.6mm,1,TPS62290,
U202,VQFN-56_3EP_7x7_Pitch0.4mm_TI_RSH0056E,1,TPS65987D,
U203,QFN-68_EP_5.7x5.7_Pitch0.4mm,1,CS5801,
U204,WQFN-28_EP_3.5x5.5_Pitch0.5mm,1,HD3SS460,
"U206, U207, U208",Texas USON-10_2.5x1.0mm_P0.5mm DQA0010A,3,TPD4E02B04DQA,
U401,VQFN-20_EP_3x3_Pitch0.45mm_RJE0020B,1,TPS56C230,
"U601, U602",WQFN-42_EP_3.5x9_Pitch0.5mm_TI_RUA0042A,2,TS3DV642,
Y201,Crystal_SMD_SeikoEpson_FA238-4Pin_3.2x2.5mm,1,27MHz,
